symbol,timestamp,volatility,volume_spike,price_change,range_pct,volume_ratio_prev,rsi,macd_line,macd_signal,macd_hist,macd_cross,sma_20,sma_50,sma_cross_20_50,ema_20_50_cross,adx,adx_plus_di,adx_minus_di,atr_pct,day_of_week,month,ret_1d,ret_5d,ret_20d,prediction_id,price_at_scan,volume_ratio,max_change_5d,gap_pct,short_percent
BIYA,2026-07-27T22:45:03.735612-04:00,0.39185149751017856,2.3015266431777195,0.8400000163487025,0.43322980389183524,0.3799861573944059,57.599086214082874,-0.6329644990655234,-0.9585022188837253,0.3255377198182019,0.0,0.542330262720842,0.016959866029586435,-1.0,0.0,27.24007521533585,46.84435078753947,14.396066380312647,0.28869626795360376,1.0,7.0,0.5443644938596639,1.0841424712310168,1.2836880176145677,2,4.17,6.53,54.44,0.0,0.0
GENI,2026-07-27T22:45:03.735612-04:00,0.04222502435417999,1.7518987341772152,0.13707166728709974,0.04794525648286228,0.706045679208517,65.86443972751829,0.22752509237986107,0.1661852876309879,0.06133980474887318,0.0,0.12359553448056482,0.18656743726900737,1.0,0.0,24.519255340773096,35.73135221916445,15.392347480522622,0.058348748424384846,1.0,7.0,0.004126576325592435,0.09774437384147405,0.1514195607322053,3,7.27,2.15,0.55,0.0,0.0
GMEX,2026-07-27T22:45:03.735612-04:00,0.12824234050481495,0.8797460435960617,0.06849308357518114,0.19230774521122512,0.10268302635353245,27.111561702410043,-1.6867549938229682,-2.104785532591309,0.41803053876834073,0.0,-0.25276622639389335,-0.7776713733707131,-1.0,0.0,36.57930271264671,16.851968330312122,30.879371795852272,0.4491033491520936,1.0,7.0,-0.13333334216365134,0.06849308357518114,-0.6848484842646622,4,1.8,8.38,0.0,0.0,0.0
AMBP,2026-07-27T22:45:03.735612-04:00,0.03131477719832517,2.6243305516533475,0.1787330199585475,0.08349327055557111,0.7582295493235374,71.37201976716419,0.14531895366361613,0.11780967834299486,0.02750927532062128,0.0,0.11075578612991976,0.19804728293566143,1.0,0.0,34.78643526680868,41.38852202853956,10.735802274119163,0.04475742306085574,1.0,7.0,0.07644625493684076,0.11087419500687457,0.13507622330023672,5,4.84,3.53,7.64,0.0,0.0
KIDZ,2026-07-27T22:45:03.735612-04:00,0.21810739374828012,1.8433458459500185,0.03503177458966755,0.2723076810216053,0.3062254450433315,35.70023260001027,-0.5005310634580912,-0.6763952524894135,0.17586418903132228,0.0,0.027018449280958423,-0.653927671604059,-1.0,0.0,16.58948048434382,31.414468288709642,25.99375149158188,0.4531663526913558,1.0,7.0,0.07973418308566704,0.16071423819782793,-0.09470754748385801,6,0.6,6.54,7.97,0.0,0.0
ENTX,2026-07-27T22:45:03.735612-04:00,0.2119554751647067,1.1435808252403719,1.0123456672022502,0.28926382851531557,0.06383846282076036,71.62066901590867,0.3776066898803694,0.22141968695982625,0.15618700292054313,0.0,0.6342899975132634,1.0739232613033227,1.0,0.0,66.47968030175466,53.50446669515151,2.9643326611409364,0.10831369558440927,1.0,7.0,-0.1683673655574689,0.6632652688850622,0.9757575985266598,7,3.92,18.83,0.0,0.0,0.0
VTIX,2026-07-27T22:45:03.735612-04:00,0.09227042077390349,2.685139763156809,-0.4600638992237457,0.43786974276470175,0.2198680071177049,28.81287410989485,-0.3147280253329603,-0.23568954846607104,-0.07903847686688925,0.0,-0.39534882034731533,-0.4712470894240073,-1.0,0.0,12.545195640859248,13.467320077704542,29.814693869661102,0.25475363022615705,1.0,7.0,-0.22477063969343314,-0.2620086963438458,-0.3809523643175595,13,2.18,13.83,21.1,0.0,0.0
WLDS,2026-07-27T22:45:03.735612-04:00,0.1819013986298576,1.9947794116710342,1.5533332824707031,0.4801566017919117,0.7650409920165727,75.19053673631797,0.23482746750714734,-0.0607773636260208,0.29560483113316816,0.0,1.0541699602535006,0.760239685621199,-1.0,0.0,31.217852681075243,45.539801391744476,4.295272432055463,0.2001022214757947,1.0,7.0,0.20440246644764648,1.5364238065531635,1.3212121085139783,14,3.18,2.36,20.44,0.0,0.0
PFSA,2026-07-27T22:45:03.735612-04:00,0.1257751965468404,0.9259323732290812,-0.48258708120026794,0.2298077222863609,0.07338241380607778,24.143331528782767,-1.0877566196407833,-1.246823564846474,0.15906694520569076,0.0,-0.5108759702448341,-0.7945679082860309,-1.0,0.0,52.42123724666117,10.497031849182697,36.29451397798123,0.5300429936643035,1.0,7.0,-0.14754103486558956,-0.48000001907348633,-0.6382608828337296,16,1.22,11.92,44.26,0.0,0.0
UROY,2026-07-27T22:45:03.735612-04:00,0.0396268468658139,0.9837089434146308,0.018315000720495744,0.08633093957075222,0.39802944475204793,45.85959970239392,-0.040306043438962824,-0.07316274640880317,0.03285670296984035,0.0,-0.0024221847592089674,-0.08813593297814493,-1.0,0.0,19.674566909504335,17.811550709453627,26.96667992994632,0.06739907006456927,1.0,7.0,0.014598526172921567,-0.04302926032050847,-0.014184383971608927,17,2.74,2.58,13.14,0.0,0.0
TDOC,2026-07-27T22:45:03.735612-04:00,0.037064026941445,1.176530242665701,0.009708650967562793,0.06623930644236573,1.457771129394166,57.947409323666264,0.28706886735184156,0.40863824324819614,-0.12156937589635458,0.0,0.013700076115263693,0.1605415401018122,1.0,0.0,39.531009832016885,30.34795278010394,17.64889605226809,0.04826127989870457,1.0,7.0,0.05050502996314177,-0.036045353253831625,0.07710012757726648,19,8.91,0.65,5.05,0.0,0.0
ONDS,2026-07-27T22:45:03.735612-04:00,0.04941680219841581,0.5541317425928359,0.0679347813763218,0.0680661978576908,0.932411410896377,48.971454096938714,-0.27414241062353994,-0.4681393332487222,0.19399692262518226,0.0,0.04901405792173752,-0.12500416620067967,-1.0,0.0,18.70735690580039,21.419146362408025,22.77336538614423,0.08541716199626126,1.0,7.0,-0.01995016397965177,0.026109698444689133,-0.01995016397965177,26,8.02,0.59,0.0,0.0,0.0
RIG,2026-07-27T22:45:03.735612-04:00,0.026462640637990083,1.123057076481001,-0.06026368646133573,0.05210416111630737,0.7676323220225995,39.387209022378336,-0.10256569929762893,-0.14114620532425476,0.03858050602662583,0.0,-0.03087981365103587,-0.12609460517425408,-1.0,0.0,26.253087808429093,15.321653719733902,27.911662372687758,0.04261564685521785,1.0,7.0,-0.05492432332700836,-0.04770992574807931,-0.009920672839941802,27,5.28,1.48,1.33,0.0,0.0
AMC,2026-07-27T22:45:03.735612-04:00,0.08155336404138191,1.1640239237777315,0.36224491037164586,0.10861421481888403,1.2194350490508095,65.74048129810258,0.12912376593711095,0.06996430568577187,0.05915946025133907,0.0,0.28892111014930033,0.3364701602940694,1.0,0.0,23.507439810898113,37.22172635673189,13.88185343953088,0.08976037411129029,1.0,7.0,0.06374505435801137,0.21363637201056984,0.3152709920808623,28,2.51,0.93,9.56,0.0,0.0
STLA,2026-07-27T22:45:03.735612-04:00,0.020664826628423033,1.631982566479387,0.012302314755260557,0.034722270513020466,1.2768974915692706,42.80581724679293,-0.17670982374975797,-0.2400678041091207,0.06335798035936274,0.0,0.008933296449797012,-0.11313662731083729,-1.0,0.0,23.57311386543923,26.14187763850736,33.59659376360359,0.03404141732462629,1.0,7.0,0.010526389758675148,-0.003460204186943594,0.03411131981415849,32,5.7,1.22,5.44,0.0,0.0
ORBS,2026-07-27T22:45:03.735612-04:00,0.04958949959166771,1.2609769410821505,-0.11555556693685376,0.06867663112552538,1.0441084448797475,37.96946984219542,-0.05716289377361439,-0.061443198327079965,0.004280304553465578,0.0,-0.08603795911596757,-0.2561489130047533,-1.0,0.0,16.836775346033274,17.290058701651063,28.297784948576954,0.10638724198167478,1.0,7.0,-0.03864732583901698,-0.07441857284482534,-0.1471428385316106,38,0.62,1.19,4.11,0.0,0.0
OWL,2026-07-27T22:45:03.735612-04:00,0.021575043655965607,0.8981490377020651,0.019750575500820267,0.0321101448097517,1.0193931765291337,59.29719609738772,0.06085077655643367,0.008968464464828647,0.05188231209160503,0.0,0.049197900490592916,0.03358905206322449,-1.0,0.0,11.249578282515424,23.460898058268125,19.75555962202255,0.036583792246412034,1.0,7.0,0.013429763465132138,0.0447284409944253,0.1514084380919889,39,9.68,0.77,1.34,0.0,0.0
BTG,2026-07-27T22:45:03.735612-04:00,0.027244087391297703,0.8661216253899555,0.01319259968853359,0.03385419722568933,1.2166708234914394,45.8027000682121,-0.08425597335844648,-0.11783637110534963,0.03358039774690315,0.0,0.0018262284777819104,-0.0748070578928467,-1.0,0.0,14.894647959222185,24.85356753311529,27.642032756449087,0.04316563094220725,1.0,7.0,-0.007751930820906638,0.00523559719267741,0.01319259968853359,40,3.87,0.66,0.0,0.0,0.0
BTE,2026-07-27T22:45:03.735612-04:00,0.023405866482964274,0.8407153881354638,-0.05424517798397732,0.04488773517821342,1.130038358955917,40.97930207951753,-0.03389304993509601,-0.05465975292228129,0.020766702987185283,0.0,-0.02610802985138383,-0.09639093505645657,-1.0,0.0,17.7892012658003,22.511335477125037,33.1148941246922,0.039048220667311666,1.0,7.0,-0.02905566155785122,-0.05200940643017726,0.0,41,4.13,0.64,6.3,0.0,0.0
SLNH,2026-07-27T22:45:03.735612-04:00,0.07073343941659645,0.5386559926460963,0.08928573519295568,0.09836065733954967,0.9812670570467131,44.27761372940957,-0.050853641309380526,-0.06595021459241361,0.015096573283033085,0.0,-0.01414139102203682,-0.17209552831247565,-1.0,0.0,13.761192985150917,18.80620918159622,25.079445040929606,0.11912134077117494,1.0,7.0,-0.008130073421291018,-0.10948903331099102,-0.1285713932952096,47,1.23,0.54,7.32,0.0,0.0
DGXX,2026-07-27T22:45:03.735612-04:00,0.05061944222029675,0.7734177665516383,-0.10049016055855398,0.10626705634785881,0.46201581139667336,31.86228689163275,-0.5121151091573113,-0.5347720020399085,0.0226568928825972,0.0,-0.14883745789873748,-0.3782295488092714,-1.0,0.0,35.51416649188972,13.273100567155943,34.004366314193476,0.12890759931787887,1.0,7.0,-0.044270792102905965,-0.1323876927315476,-0.3191094309457061,49,3.84,1.66,12.76,0.0,0.0
SOC,2026-07-27T22:45:03.735612-04:00,0.16956238407718602,0.2830590821048604,-0.05694760993242054,0.10869572478616905,0.8066814814814814,32.22084426160863,-1.165245222398652,-1.4877535250667517,0.3225083026680997,0.0,-0.01697734757123537,-0.5343920226260552,-1.0,0.0,54.14714941518189,11.50141466361623,34.69243881367478,0.14723083633124204,1.0,7.0,-0.059090959828746126,-0.01193321958282556,-0.40602582624012384,52,4.4,0.33,7.05,0.0,0.0
UEC,2026-07-27T22:45:03.735612-04:00,0.0340128759149161,1.0505514332333716,-0.0914341416311869,0.06355936526909932,1.172274842757944,39.871156566304734,-0.5244729503399377,-0.5968814225440097,0.07240847220407198,0.0,-0.05429777055315188,-0.1698763965525848,-1.0,0.0,27.44227160289203,15.411680583004687,30.076619047673297,0.06792727090452995,1.0,7.0,-0.04742686924980566,-0.011518388288440207,-0.12834721635409685,53,9.91,0.9,0.0,0.0,0.0
TDAY,2026-07-27T22:45:03.735612-04:00,0.017928113020366437,1.0770223993712458,0.02494062188172852,0.04750867230303283,0.779481970543423,57.24509377292235,0.09629206275996616,0.1351685709205947,-0.03887650816062854,0.0,0.010124670242979583,0.06220615341502578,1.0,0.0,14.41974109710279,16.097316161424022,16.656597465068483,0.03575963905534137,1.0,7.0,0.038507783232937465,0.007001216073897476,-0.002312081499577401,60,8.31,0.86,6.02,0.0,0.0
EDBL,2026-07-27T22:45:03.735612-04:00,0.13534934078083893,0.4878022783430802,-0.3017241225751015,0.2695473059240932,0.04310124528746127,25.903364266518395,-1.909008758584359,-2.1640103850793637,0.2550016264950048,0.0,-0.43068000391904115,-0.6998665992630335,-1.0,0.0,12.917655208018063,44.04274638651643,20.80575175053467,0.6262218129666715,1.0,7.0,-0.16494845529754187,-0.3249999635749383,-0.6687116490634555,64,2.91,11.53,7.9,0.0,0.0
FIEE,2026-07-27T22:45:03.735612-04:00,0.08718803594472202,0.7391689335258502,-0.12923079270582938,0.21201410629256573,0.03859836208979347,34.806595732077,-0.3969788371209013,-0.3601202760156342,-0.03685856110526714,0.0,-0.2197408609622168,-0.3591775926651013,-1.0,0.0,45.98465254726289,61.061008298048215,20.082975639677418,0.31468889567041125,1.0,7.0,-0.0870967707202287,-0.2203857205271953,-0.3261904637559465,66,3.1,19.88,4.52,0.0,0.0
REPL,2026-07-27T22:45:03.735612-04:00,0.09319579880801518,5.54109947704367,-0.45795339750102537,0.2775700342333434,2.840914466836976,23.612788455574417,-0.29661282566549296,0.24663572567298903,-0.5432485513384819,0.0,-0.4798376418448561,-0.4130232138956792,1.0,0.0,26.454843874971278,15.022853526466468,44.22382464021418,0.20534718601542334,1.0,7.0,-0.3800695441845704,-0.5136363723061301,-0.5223214289515603,68,8.63,2.31,21.21,0.0,0.0
IQST,2026-07-27T22:45:03.735612-04:00,0.10333072641841634,0.0380631327151842,0.052631592156154205,0.050000011920928955,0.09495879203513205,44.41965453857797,-0.0424892731205333,-0.04042044414043128,-0.002068828980102022,0.0,-0.05664826490037267,-0.12689681332888803,-1.0,0.0,16.630884263453382,24.413286296740015,20.46916604806217,0.13789262823891865,1.0,7.0,-0.009900980750178201,-0.08256883543354943,-0.23664118803073164,70,1.01,0.4,6.93,0.0,0.0
SOUN,2026-07-27T22:45:03.735612-04:00,0.030123494441818433,1.2470590150364402,-0.06726461618137258,0.07852568364237579,0.965367894654554,41.81690018236657,-0.21657560653822117,-0.2374985388466526,0.020922932308431424,0.0,-0.04025841549021747,-0.12796794181862958,-1.0,0.0,10.266095769685705,18.533994826292048,23.479673492119527,0.06554874900251723,1.0,7.0,-0.026521073376090443,-0.04805492989620663,-0.025000050291418274,76,6.41,1.32,0.0,0.0,0.0
SNAP,2026-07-27T22:45:03.735612-04:00,0.026217952626821035,1.265869449260989,0.019230802540401104,0.05031441762638059,1.407325099081395,52.002236891342235,-0.12425170691800513,-0.15635402169976045,0.03210231478175532,0.0,0.032467532601573534,-0.05686492392063924,-1.0,0.0,14.058011511450081,24.625017340083662,24.026490049014704,0.04622411984174875,1.0,7.0,0.055309734746670225,0.04605264052239599,0.07918549741882219,80,4.52,0.79,5.53,0.0,0.0
CAPR,2026-07-27T22:45:03.735612-04:00,0.14433300554081502,4.362448932240548,-0.6823017371998278,0.23592080264828239,0.5516079132133593,13.17286781538104,-3.6190407294805915,-2.459538350015329,-1.1595023794652626,0.0,-0.6654530578138299,-0.7321057162554956,-1.0,0.0,46.859013973255244,5.538799000311043,50.01123651095374,0.3578868185081624,1.0,7.0,-0.06142854690551758,-0.6680141552441001,-0.7239495637701199,81,6.99,9.56,183.49,0.0,0.0
HTZ,2026-07-27T22:45:03.735612-04:00,0.058637401622526134,0.8890568179028091,-0.040760894740855536,0.152974494682624,1.0785464494136596,29.518433030469396,-0.523323164976975,-0.634958252894426,0.11163508791745103,0.0,-0.09914508427114177,-0.5191652856360157,-1.0,0.0,43.976049502385024,17.09023686906648,34.60549045968136,0.13023127508049523,1.0,7.0,-0.11750000715255737,-0.04594596597380296,-0.23260868596219364,84,2.0,0.7,0.0,0.0,0.0
LUMN,2026-07-27T22:45:03.735612-04:00,0.03461631453240373,1.0592848407017326,-0.02825743038813644,0.04523420523148133,0.9974198875070953,32.65646006632822,-0.4598885150739118,-0.5154549006716721,0.05556638559776028,0.0,-0.05712108937875626,-0.23651881500407157,-1.0,0.0,35.2562207484118,14.063459374215087,34.48857195684234,0.05955342821252071,1.0,7.0,-0.011182135639295376,-0.0843195491660006,-0.22236180558342766,90,6.26,1.05,4.31,0.0,0.0
SBET,2026-07-27T22:45:03.735612-04:00,0.048679443289128516,1.2196416978722855,0.08235298548956438,0.08385099905158275,1.1156621767771113,60.55113863693583,0.19177929325144039,0.10009855982379966,0.09168073342764073,0.0,0.12116992527943471,0.13280564271363438,1.0,0.0,17.801685997797822,31.795527209622627,21.36587812646457,0.06173880133254725,1.0,7.0,0.0094043795773191,0.027113249890125868,0.30894308076342014,91,6.38,1.09,0.94,0.0,0.0
MPLT,2026-07-27T22:45:03.735612-04:00,0.17913882927668012,4.6908907713865995,-0.6752835539655897,0.2607636010338108,0.6799376541770474,25.064876657483993,-2.4434119207457563,0.4871369443639854,-2.9305488651097416,0.0,-0.642361682294085,-0.6066099615168591,1.0,0.0,42.0081532364439,8.893270860516923,44.35859712097915,0.3450135547604552,1.0,7.0,0.24280673917030815,-0.6712072416895074,-0.6411078515035079,95,9.9,8.27,269.11,0.0,0.0
ADT,2026-07-27T22:45:03.735612-04:00,0.018792131119418586,1.288745957338566,0.09063894974526066,0.0197547653831302,1.3359253080772748,67.49942754132414,0.11534888108821217,0.06876214537137741,0.04658673571683476,0.0,0.06934733994318054,0.08604859722843217,1.0,0.0,22.930434696067987,38.65832286024008,15.657594519090845,0.024190476956428255,1.0,7.0,0.02657343422184888,0.06531208923402021,0.12923079270582938,97,7.15,0.92,3.64,0.0,0.0
GTM,2026-07-27T22:45:03.735612-04:00,0.03173472653195181,0.872295483699313,0.08609271261766382,0.07621951285995664,1.0056629700056907,57.901161157629794,-0.025373373800853027,-0.07147988678125838,0.046106512980405356,0.0,0.0920592472109838,0.06684012796376848,-1.0,0.0,17.272822210566392,25.001882836216467,18.15409466249549,0.06299506814004689,1.0,7.0,0.06493508202528231,0.08609271261766382,0.12328763208552229,98,3.08,0.81,13.64,0.0,0.0
COTY,2026-07-27T22:45:03.735612-04:00,0.036236543238983045,0.6803691111501292,0.2355555428398981,0.05395678363042032,1.1531547780082363,71.48252617105587,0.17136707201119572,0.13822334578855724,0.033143726222638475,0.0,0.14356230534798908,0.28134216807062096,1.0,0.0,24.37096100364733,34.786280194988656,16.893543394150175,0.05049232790245324,1.0,7.0,0.022058802260453536,0.010909080505371094,0.41836730473640404,100,2.72,0.49,2.21,0.0,0.0
WU,2026-07-27T22:45:03.735612-04:00,0.022131127472295745,1.0330369337446634,0.04822336407642025,0.024213166755145166,1.22687880941938,56.201540448945,0.1734150726071313,0.17205914126219873,0.0013559313449325594,0.0,0.016990907809818268,0.060355802804543224,1.0,0.0,23.23300561161302,26.158675977958374,19.812726231833704,0.03388794652234842,1.0,7.0,0.011015930446443223,-0.024793392151879923,0.08256882109982522,101,8.17,0.74,1.71,0.0,0.0
GT,2026-07-27T22:45:03.735612-04:00,0.0323394464552088,0.6544521645027472,0.10510515047148172,0.04076089474085553,1.1375163765674714,60.78740423714925,0.2371249208058508,0.22139441078046188,0.015730510025388916,0.0,0.06151297037310677,0.15143932379107694,1.0,0.0,21.114003357569167,25.329356972122707,17.6353159349802,0.04437481403520518,1.0,7.0,0.03516174336222244,0.009602218385140304,0.10843377733528303,102,7.11,0.56,3.52,0.0,0.0
NXE,2026-07-27T22:45:03.735612-04:00,0.03203872673519399,1.6927695552102064,-0.01923070065211563,0.04738566504964508,2.6849114939014034,44.556241059497985,-0.2632679569053735,-0.3356370714669037,0.07236911456153017,0.0,-0.00863927487795535,-0.08752953479306624,-1.0,0.0,22.855933367887936,17.96621859970541,28.82278214311529,0.04938958978495607,1.0,7.0,-0.015021394230966045,0.0010905374916723165,-0.053608197351990516,103,9.32,0.61,0.54,0.0,0.0
YYAI,2026-07-27T22:45:03.735612-04:00,0.24474145474195722,17.269574201165966,-0.8899262911712842,2.2656250311826747,7.1848245614035084,27.897696151361245,-1.1704064625008135,-0.8006697184193162,-0.36973674408149726,-1.0,-0.883680168608416,-0.8969019939348792,-1.0,0.0,34.501791548354255,23.987496517152238,41.34392350850301,1.8339404579004865,1.0,7.0,-0.7013333241144817,-0.8950819635059882,-0.8805333296457927,106,3.0,18.08,277.5,0.0,0.0
FIGS,2026-07-27T22:45:03.735612-04:00,0.03362860340313566,0.6608122710751224,0.06275716460074854,0.05808329001947046,0.8821600861786333,48.601579547300624,-0.38320815401027986,-0.4583983447780272,0.07519019076774736,0.0,0.03073237838580445,-0.07024050302474694,-1.0,0.0,12.619951900155671,21.594873621786977,21.283094321934286,0.053757454750846874,1.0,7.0,0.04028193416286019,0.005842206744696377,-0.0676895311520127,109,9.93,0.7,6.34,0.0,0.0
LVWR,2026-07-27T22:45:03.735612-04:00,0.27065146029004417,2.6472230951473534,1.7008310802722661,0.676923087268656,0.39300783524802796,65.78287734563185,0.13037445651723112,-0.03586396588403014,0.16623842240126124,0.0,0.9356760390414447,0.6744521949738522,-1.0,0.0,29.58936256031361,50.10485605127385,6.333567820371545,0.20837179171416872,1.0,7.0,-0.19753086662011454,1.2914218831411381,0.5476190971769537,113,2.43,7.63,6.58,0.0,0.0
HIVE,2026-07-27T22:45:03.735612-04:00,0.04541962113455098,0.9554598391489059,-0.10691828473280662,0.059859183602711356,1.1405122588379821,37.730265698868884,-0.19614856562693683,-0.17815399988551525,-0.01799456574142158,0.0,-0.10677782773815725,-0.23018543345469422,-1.0,0.0,12.958146851660889,18.881312787871444,28.317194750545738,0.10288329066872874,1.0,7.0,-0.03728818024961533,-0.12074306582079986,-0.24468087197537336,116,2.95,0.76,7.8,0.0,0.0
ASAN,2026-07-27T22:45:03.735612-04:00,0.046037311648510174,1.698855041175502,0.09785516601922928,0.08547006656041561,1.0308411419085688,61.87809418802694,0.0894313397790798,0.055459605799114894,0.033971733979964905,1.0,0.11133721613387904,0.1299044799593354,1.0,0.0,11.193105097300576,36.34641374024144,21.744560030527488,0.07030919996799796,1.0,7.0,0.056774139404296875,0.10825436107594344,0.16999994005475716,121,7.75,1.7,9.81,0.0,0.0
UAA,2026-07-27T22:45:03.735612-04:00,0.03097733587870127,0.8697761824744216,0.08018150109921418,0.025210060462819223,0.7828997613365155,59.04903040927985,0.26395161494737884,0.2836136048460486,-0.01966198989866974,0.0,0.03635966226446552,0.15515286913312232,1.0,0.0,22.29364073573864,23.559599496781544,18.776473491009583,0.04657151209083674,1.0,7.0,0.00847456828052251,-0.03120760144435719,0.1534733118712961,122,7.08,0.92,0.85,0.0,0.0
AI,2026-07-27T22:45:03.735612-04:00,0.029775169649881427,1.2872231117087447,-0.02732240551067433,0.06629204766314421,0.8665660840546726,47.927651586675,-0.2913222661551256,-0.3077062237572605,0.016383957602134902,1.0,0.004514641524610896,-0.06958270874325301,-1.0,0.0,18.808021786485664,24.027923414381647,21.468737973680046,0.05888765385683267,1.0,7.0,0.009070286448309206,0.03608841215782643,0.0033821570866119366,124,8.82,1.28,0.91,0.0,0.0
LXRX,2026-07-27T22:45:03.735612-04:00,0.036900943663310794,0.9414956805353465,0.10377360400291313,0.07692300638503319,0.9061020159653633,55.316337333070045,0.03765941685644858,0.04587988978536203,-0.008220472928913453,0.0,0.023398174237122094,0.0784403660475661,1.0,0.0,14.701045604545602,14.129212799507423,15.791794319506971,0.06518916055671727,1.0,7.0,0.04932730679595587,-0.016806806028663912,-0.11363643136891177,127,2.23,1.0,4.93,0.0,0.0
MRVI,2026-07-27T22:45:03.735612-04:00,0.030224515933784807,0.8109189047486212,0.05376342432059866,0.041399404426230406,1.0991754361988064,63.29495815701056,0.39741862153488317,0.4443634384469011,-0.04694481691201796,0.0,0.04844873934254745,0.22434412687049954,1.0,0.0,50.241521329176756,29.39037965316993,13.973636610354262,0.04963113153677716,1.0,7.0,0.02541107247233354,-0.03380278511857027,0.07355246899047296,129,6.69,0.72,5.38,0.0,0.0
BLMN,2026-07-27T22:45:03.735612-04:00,0.03176835018880072,0.8452679242331554,0.03489770724541108,0.030232583412676817,0.7211973878640545,55.799774111198886,0.07955203131118793,0.09879367348155979,-0.01924164217037186,0.0,0.025702233709245625,0.05794075105509067,1.0,0.0,14.33331406273216,24.550541958863352,18.878938697467493,0.05184011547197892,1.0,7.0,0.007025810290949952,0.01895744182953618,-0.061135313894202126,130,8.54,1.02,3.16,0.0,0.0
AKBA,2026-07-27T22:45:03.735612-04:00,0.032700574283202784,0.46462368992757935,-0.09285714103251086,0.055118058499284556,0.8974483204134367,52.47383242708438,0.03126402791512639,0.05118082726792651,-0.01991679935280012,0.0,-0.03164316313630988,0.12744574920327167,1.0,0.0,25.658673405911628,22.962183003899334,20.43214975882543,0.05837024085900175,1.0,7.0,-0.007812492724042275,-0.02307690191550993,0.14414411221567636,133,1.28,0.5,0.0,0.0,0.0
OTLK,2026-07-27T22:45:03.735612-04:00,0.08727923905414067,2.559308281967134,-0.4774566622556933,0.21570796044440538,0.8628876004958911,33.94689168435207,-0.027588645302419,0.06178244728473359,-0.08937109258715259,0.0,-0.373397116844395,-0.21754636993201248,1.0,0.0,28.811243108031867,27.973592070499237,24.683299318918493,0.23545239569915336,1.0,7.0,-0.15117376930127013,-0.36338027353159963,-0.465088784818634,134,1.07,3.24,31.92,0.0,0.0
FRMI,2026-07-27T22:45:03.735612-04:00,0.07031358131750146,1.2008010694036173,-0.0682491953903287,0.12531841977082206,1.39362949907118,43.549853257156286,-0.2229605091283835,-0.20372732906362118,-0.019233180064762323,-1.0,-0.1057952236730344,-0.11484464601979338,-1.0,0.0,17.19460925309613,23.084373406709204,25.499550571823125,0.11945399562215388,1.0,7.0,-0.13139693039542732,-0.055639079737282104,-0.33544969983478723,135,7.23,0.86,2.35,0.0,0.0
ATAI,2026-07-27T22:45:03.735612-04:00,0.08749625082700765,0.8592556636078342,0.2663138856660565,0.006963748620210551,1.7899834926962968,73.71070979508175,0.7164283836324445,0.6338989876832748,0.08252939594916975,0.0,0.17961142160658272,0.4381860021916,1.0,0.0,42.62528333001575,38.21676452747055,9.925449486765118,0.04367595280412207,1.0,7.0,0.0013946655422976129,0.006306881291276323,0.33955217341214783,137,7.17,0.49,0.14,0.0,0.0
LCID,2026-07-27T22:45:03.735612-04:00,0.10738494924084446,1.5031894714900014,0.7099567729559426,0.28924048352253007,4.974069912609238,63.65614553656153,0.32449646969169876,0.2131711758637897,0.11132529382790907,0.0,0.23906992033182894,0.33461728220678144,1.0,1.0,18.103860066770242,31.77392531390688,22.353485908941405,0.10760043112255474,1.0,7.0,0.21538463005652786,0.0792349603967859,0.21351763711448335,138,6.5,0.31,22.46,0.0,0.0
ACVA,2026-07-27T22:45:03.735612-04:00,0.030695941742258308,0.7017549736536214,0.13278002196089034,0.019536001905951405,1.0508126003210272,68.29191241667827,0.3788640183918073,0.3354326843902251,0.04343133400158217,0.0,0.10518853396866823,0.22615798134699605,1.0,0.0,35.37535535873477,34.3285756505975,10.262283876346,0.04390331043454401,1.0,7.0,0.01865666905994634,0.032786854687631095,0.13749997185336138,142,8.04,0.45,1.87,0.0,0.0
SMR,2026-07-27T22:45:03.735612-04:00,0.0474003126603376,0.97602163655057,-0.04418605785875285,0.07542577438177948,0.9063286789535245,41.45852356017701,-0.5416644121042342,-0.6091917142553622,0.06752730215112801,0.0,-0.0606787515107472,-0.18699184461220486,-1.0,0.0,23.09217900534394,14.51349520760304,26.443510061692336,0.08957369015424523,1.0,7.0,-0.03747069042782347,-0.05625714913572033,-0.19883040120315398,148,8.54,1.03,3.16,0.0,0.0
STAK,2026-07-27T22:45:03.735612-04:00,1.3911150473673686,0.5385224301718131,-0.01793720247125663,0.4292237047720512,0.36574337874538415,46.76556772601959,-0.20047349622083832,-0.2483946799885057,0.04792118376766738,0.0,-0.32506354266648185,-0.3693667553726657,-1.0,0.0,28.83604340774604,44.0067962432417,11.683376985066936,0.8635945692620212,1.0,7.0,-0.13095235166816377,0.5208333126372768,-0.4977064242759103,159,2.52,1.47,267.86,0.0,0.0
RDW,2026-07-27T22:45:03.735612-04:00,0.04936910450464412,0.7225798499409583,-0.12012321394126968,0.07351215673287415,0.9414823534914906,36.23892308960989,-1.2329415325529354,-1.3345408423784377,0.10159930982550236,0.0,-0.12675771875660313,-0.3794981201684072,-1.0,0.0,24.226129206953694,14.77601173001839,29.61860904655162,0.11499230576826087,1.0,7.0,-0.02944509978803156,-0.09023358541246818,-0.2668947816554824,162,8.83,0.63,5.1,0.0,0.0
UWMC,2026-07-27T22:45:03.735612-04:00,0.037674091210866165,0.9230920392974381,-0.07920790501592567,0.05645155863260793,1.259003317967886,35.83574140220216,-0.14135179972155498,-0.146447539255389,0.0050957395338340206,0.0,-0.07347446030777494,-0.1963274384077316,-1.0,0.0,23.68649837856645,15.916909709824404,26.01512510717055,0.06464457528762942,1.0,7.0,0.010869554654186597,-0.02105261176576878,-0.1142856672507544,163,1.84,0.61,7.61,0.0,0.0
KOS,2026-07-27T22:45:03.735612-04:00,0.060908188279144265,0.7394096952268139,-0.06400003433227541,0.07692310827331858,1.236969271838039,47.32850920272618,0.0068751009927119355,-0.032634770417833026,0.03950987141054496,0.0,0.011891854775918587,-0.08970671645133987,-1.0,0.0,15.88209625026462,28.168695932153625,30.245754819689836,0.07747757091290883,1.0,7.0,-0.040983664223788296,-0.03305791719112183,0.125,165,2.44,0.59,12.3,0.0,0.0
PTEN,2026-07-27T22:45:03.735612-04:00,0.039074423526581,1.061313737148298,-0.06997967590354115,0.043620563672476,1.06533805571708,39.53059348825945,-0.12369960029137417,-0.15634071548178097,0.0326411151904068,0.0,-0.04538829520749066,-0.1341564705423387,-1.0,0.0,20.49541151929514,20.154487386279076,32.66663833140646,0.054805691159455557,1.0,7.0,-0.025504758236969294,-0.12915476649243018,-0.039790587104865494,169,9.41,0.95,9.88,0.0,0.0
BLDP,2026-07-27T22:45:03.735612-04:00,0.040894967588091885,1.2055652293640453,-0.09764308385839604,0.07089545301085738,0.9029300334028292,30.946327997375903,-0.3323790925900778,-0.3597900424898334,0.027410949899755566,0.0,-0.13701495379289796,-0.35486975366105933,-1.0,0.0,25.46139792704731,18.212948958056028,30.36653201122588,0.09717214138826144,1.0,7.0,-0.06620203009689929,-0.09459458370988971,-0.2815013262592687,170,2.87,1.02,3.83,0.0,0.0
EXK,2026-07-27T22:45:03.735612-04:00,0.03888542130690356,1.3925496482151598,-0.04084157510173514,0.04129034473050025,0.9701280227596017,44.6291785888997,-0.18711138352725154,-0.22145768344530561,0.034346299918054074,0.0,-0.03118945084206337,-0.089584851956649,-1.0,0.0,10.838946651066015,25.374814553005322,31.728811534224334,0.06390459154062157,1.0,7.0,-0.023929478066902155,-0.05487802679662068,-0.05832315539909472,174,7.94,1.43,0.0,0.0,0.0
REI,2026-07-27T22:45:03.735612-04:00,0.034036337434159236,0.4943299776127142,-0.04237284282951548,0.061946949334047326,0.9696860915001396,42.09533338446096,0.005186787324658049,0.00037708639941950344,0.004809700925238546,0.0,-0.039524009918841196,-0.07513504925579939,-1.0,0.0,22.7627516659438,20.342358303563486,27.30037940111049,0.06080679416792042,1.0,7.0,-0.03418800283779255,-0.13076920255401325,0.027272700672307915,194,1.17,0.49,11.97,0.0,0.0
EVLV,2026-07-27T22:45:03.735612-04:00,0.03260087664645282,1.4317327528708592,-0.06821968529700839,0.07142850452539758,1.2329029385574355,45.88208349626085,-0.15180184563198118,-0.11862456543905119,-0.033177280192929995,0.0,-0.037635353809707506,-0.05222897152492423,-1.0,0.0,18.042742570051736,23.496923715000293,25.605486625647494,0.04598849501595386,1.0,7.0,0.02752295424165485,-0.00532863396066352,-0.0017825719507730264,195,5.45,0.99,2.75,0.0,0.0
GRAB,2026-07-27T22:45:03.735612-04:00,0.023981797854677463,1.5180932540564052,-0.09210523921697067,0.04057973999106725,0.9878196293689335,43.12611341006149,-0.07035622564470323,-0.018446348457141194,-0.051909877187562035,0.0,-0.06377203348377702,-0.032583684978453986,1.0,0.0,22.71753306586459,14.449933921542959,29.838221949820493,0.042774602583570326,1.0,7.0,0.029850789820280887,-0.014285700661795464,-0.0775400965544244,203,3.35,1.46,2.99,0.0,0.0
JBLU,2026-07-27T22:45:03.735612-04:00,0.04260586169194684,2.4479152025127107,0.1257035808413447,0.1533332665761312,1.445783092321093,59.71690291989728,0.010015289754364609,0.020641974248517707,-0.010626684494153098,0.0,0.07200286725925586,0.12625295488174415,1.0,0.0,13.667861465019529,33.802591626676836,20.975878898589418,0.062008593047693135,1.0,7.0,0.10497241062266771,0.12149534709423015,0.06571933890552417,204,5.43,1.81,10.5,0.0,0.0
AUR,2026-07-27T22:45:03.735612-04:00,0.040346431775723106,1.1664081810429705,0.013050558272844404,0.1022544645702315,0.9410582929611067,48.623416376732564,-0.08263410332661092,-0.08653651396750116,0.0039024106408902387,1.0,-0.014363938835351475,-0.049906670372284134,-1.0,0.0,18.993741046312238,25.54152251762043,22.765707319534275,0.0684330546610862,1.0,7.0,0.0,-0.015847845568841445,-0.061933512764325904,209,6.21,1.25,0.0,0.0,0.0
KEEL,2026-07-27T22:45:03.735612-04:00,0.0672231654085535,1.0302768024795463,-0.1681514286211908,0.09103083323625304,1.2499939948595997,35.92171930012783,-0.2969171528577501,-0.2446382507595732,-0.0522789020981769,0.0,-0.17604238647854353,-0.27302102133231,-1.0,0.0,22.166190405865585,19.34867183324523,34.72478028563655,0.13649499010966545,1.0,7.0,-0.07777784711212121,-0.19677423258188242,-0.35380626997941433,210,4.05,0.81,18.77,0.0,0.0
LAES,2026-07-27T22:45:03.735612-04:00,0.031232185942133995,1.501062781468612,-0.139705922957316,0.06410260720914639,0.9645440526006478,32.08599903261836,-0.17419007946396414,-0.15267243696450342,-0.021517642499460726,0.0,-0.1370090599588395,-0.22665082638978296,-1.0,0.0,21.301620351216677,12.566600765148383,28.853191719167313,0.08467049896520745,1.0,7.0,-0.056451654769131054,-0.09652509972386714,-0.2710280727846607,211,2.48,1.54,3.63,0.0,0.0
DNN,2026-07-27T22:45:03.735612-04:00,0.0373079733045118,1.2189635930294886,-0.13249213444340624,0.08000001040371982,1.3048401351236165,37.41127268546412,-0.09015074238783027,-0.07710603121283695,-0.013044711174993326,0.0,-0.09450114904095752,-0.1288094768157222,-1.0,0.0,19.636051397457674,15.718940303910609,31.78187967324697,0.06310953234387123,1.0,7.0,-0.05821920268910019,-0.08026756146195724,-0.11858971125980688,212,2.92,0.94,5.82,0.0,0.0
JZXN,2026-07-27T22:45:03.735612-04:00,0.2766346311984402,0.04211345947530884,0.0813008311310306,0.08270677500430453,0.029908873566404492,50.467997026193785,0.016903050591908775,0.022169595524245383,-0.005266544932336609,0.0,0.020329916625287936,0.037603405130682166,1.0,0.0,64.7183119084686,49.567585926275214,7.9035242146103055,0.26448986600208274,1.0,7.0,-0.014814800424667651,-0.3108807880512511,0.22018348824525358,218,1.35,1.39,0.0,0.0,0.0
CCC,2026-07-27T22:45:03.735612-04:00,0.03782275761999911,0.8388418484673724,0.008237184923179264,0.030228749385448832,0.7907412630678665,61.852381984956246,0.25996484209981485,0.2841932185254037,-0.024228376425588838,0.0,0.0510046167876439,0.1954525774070346,1.0,0.0,26.854072525532597,31.740409655347445,17.158518028799215,0.04857720125895765,1.0,7.0,0.025125644998157837,0.00327868544904808,0.2489795441728797,222,5.97,1.03,2.51,0.0,0.0
GERN,2026-07-27T22:45:03.735612-04:00,0.03363113672290422,0.6087732735097983,0.050724675865189583,0.08275862125664345,0.5657856357557944,55.328309215269826,0.03218273879724265,0.035446795041654176,-0.003264056244411527,0.0,0.012923540290056268,0.1041730513656598,1.0,0.0,22.736484376046892,24.136543774107526,17.187145657651715,0.055680495204167846,1.0,7.0,-0.020270250677801416,0.006944437545759019,0.11538469297646348,224,1.48,1.0,0.0,0.0,0.0
BULL,2026-07-27T22:45:03.735612-04:00,0.037792208976915896,0.9560781914465724,-0.0345285818907638,0.04401652991759637,1.225587855659689,49.40929847342633,0.21745136429141976,0.2580179193886227,-0.040566555097202917,0.0,-0.021534325401916354,0.05745454268022021,1.0,0.0,20.31589184848047,26.1012982814788,26.116472644901474,0.05711969742828729,1.0,7.0,-0.03580901621916699,-0.10797542071081156,0.07703703421133534,226,7.54,0.78,3.98,0.0,0.0
SEER,2026-07-27T22:45:03.735612-04:00,0.08393354641332493,2.177747651489911,-0.009259250061012025,0.14485983494973323,2.274367075950886,60.51743920280689,0.05740476515434967,0.07327611754452948,-0.01587135239017981,0.0,0.043139203172520846,0.13987434137074395,1.0,0.0,25.618726276410545,32.193693458480986,26.456174455607545,0.047036769951853775,1.0,7.0,0.08629445371829503,0.01904771528006588,0.28915671562314604,234,1.97,1.07,8.63,0.0,0.0
WVE,2026-07-27T22:45:03.735612-04:00,0.027383601115844626,1.151928106382238,-0.03915175260599668,0.033955825772279895,1.4588888312496757,47.43861433138019,-0.08449876560617842,-0.09003809603053081,0.0055393304243523955,1.0,-0.014638250591643032,-0.022374208112997618,-1.0,0.0,24.04932912175138,16.7985258566865,22.44166229319334,0.046894432688314835,1.0,7.0,-0.005067602942858462,0.01727114081026082,0.03697183881929744,237,5.92,0.71,0.0,0.0,0.0
ATEC,2026-07-27T22:45:03.735612-04:00,0.04351701749501567,0.9129193448925893,0.03901888710994905,0.0461373733107071,1.1621410213431669,57.74524927488621,-0.034599972447468375,-0.0034281175493628083,-0.031171854898105568,0.0,0.04666175943962059,0.09709008250268458,1.0,0.0,16.5639626100962,31.84915868195002,22.617713278125983,0.051972750338912535,1.0,7.0,0.07497112027801967,0.12289150369273028,-0.018947400544819026,238,8.67,0.74,11.3,0.0,0.0
PLUG,2026-07-27T22:45:03.735612-04:00,0.03430746959470875,1.7110043056995612,-0.13656385259219816,0.056122394364758035,1.426718660029506,28.148298552163254,-0.207963356186744,-0.21097755366781493,0.0030141974810709293,0.0,-0.149305555196249,-0.3168351222593684,-1.0,0.0,27.704705629020516,14.35007195970551,30.055630166725933,0.08671206256873819,1.0,7.0,-0.048543644373911676,-0.13656385259219816,-0.24324320343632067,241,2.06,1.22,6.31,0.0,0.0
JOBY,2026-07-27T22:45:03.735612-04:00,0.04231093202870674,0.7080820089363199,-0.07858046844749134,0.05502064599956907,0.6785611775528979,38.52904959396403,-0.5308499257426558,-0.5521099453829736,0.021260019640317873,0.0,-0.07092651434783526,-0.21238516166571264,-1.0,0.0,23.593402604645025,15.411897245096636,28.518680020653854,0.0712123590251076,1.0,7.0,-0.013568508301948556,-0.05091382170423342,-0.15758981639393754,242,7.37,1.0,2.31,0.0,0.0
ACHR,2026-07-27T22:45:03.735612-04:00,0.06104019875234556,0.694030411076623,-0.0061855120744510605,0.05186721806979293,0.7700155967848674,45.69134601631773,-0.107786924990668,-0.1517856165421005,0.04399869155143249,0.0,-0.0151205218582241,-0.11135690612974969,-1.0,0.0,17.142496766837997,22.26573137575014,25.466246489378907,0.07516108317274893,1.0,7.0,-0.02626255406322109,-0.08712121588413146,0.029914604371353848,246,4.95,0.88,3.23,0.0,0.0
EQX,2026-07-27T22:45:03.735612-04:00,0.03024299329033581,1.1012574708317158,-0.0368421454178659,0.03497264570111742,0.8559055706014512,41.53646358010544,-0.39411091932953646,-0.49555590526097326,0.1014449859314368,0.0,-0.030052523206782533,-0.1323209129182047,-1.0,0.0,16.59048533743274,24.31396950380158,29.566447664467223,0.053137820197009265,1.0,7.0,-0.03886563250442476,0.009933685954220062,-0.05960945025622766,249,9.52,1.18,0.0,0.0,0.0
IOVA,2026-07-27T22:45:03.735612-04:00,0.06395074773543909,0.8158059093022034,0.19592868433289667,0.07234046093313586,1.0142843121711098,52.83424524833553,0.24077647946478375,0.23105503866142518,0.009721440803358572,0.0,0.02597682593255124,0.11158408007118314,1.0,0.0,25.755571613879702,25.596298129174144,17.89626910018798,0.07963851722501793,1.0,7.0,-0.040816384124437,-0.14233580421414405,0.11638949327274517,251,4.9,0.81,4.69,0.0,0.0
BATL,2026-07-27T22:45:03.735612-04:00,0.10462905706460096,0.4446661385041321,-0.23809523133734167,0.11718748399289289,1.0810795664697772,41.29217346647591,-0.038416749417816254,-0.03322037461651136,-0.005196374801304894,-1.0,-0.179224127006273,-0.17098447116014193,1.0,0.0,40.03706464833026,33.637404137361635,19.178629987186348,0.1933819211413275,1.0,7.0,-0.12328771373571856,-0.18471342125714163,-0.09859154220139099,256,1.46,0.39,18.49,0.0,0.0
IAUX,2026-07-27T22:45:03.735612-04:00,0.03609373697132025,0.4758367542433766,-0.05147062626161336,0.03875974651483777,0.5486054268017055,41.349226669275204,-0.0354817187114429,-0.037091484079343706,0.0016097653679008062,0.0,-0.05976679769768811,-0.10862357692592906,-1.0,0.0,12.171038947475328,18.801555039036064,26.063814921068808,0.05767062711711116,1.0,7.0,-0.03731348528365808,-0.044444489577178836,-0.10416672875483579,258,1.34,0.85,2.99,0.0,0.0
RR,2026-07-27T22:45:03.735612-04:00,0.04443549857481756,0.8399273501698795,-0.13772449447586277,0.08333333333333333,0.7820638882585785,28.654931681845994,-0.17393424697857385,-0.1749041327979347,0.0009698858193608606,0.0,-0.16654604581575783,-0.3349651053384163,-1.0,0.0,27.7498666584166,12.588571992877936,32.61730904236174,0.09477289756202842,1.0,7.0,-0.039999961853027344,-0.1272726799830911,-0.27272725083392313,260,1.5,1.03,7.33,0.0,0.0
PCT,2026-07-27T22:45:03.735612-04:00,0.05037286120718916,0.8634251664190503,-0.08727812612596342,0.051863884555020515,1.1145975443383356,36.17934646141157,-0.7587436067820974,-0.797254303474211,0.0385106966921136,0.0,-0.09358013234560258,-0.3243021195022835,-1.0,0.0,37.91495124590295,17.056381335441404,35.20970329881151,0.08043599490568538,1.0,7.0,0.03177258471813471,-0.04489163469667912,-0.19028869173778862,268,5.98,0.76,3.18,0.0,0.0
LWLG,2026-07-27T22:45:03.735612-04:00,0.06603128855782164,1.0031263368194774,-0.16157200511902392,0.08506940132766029,1.3498947715924565,34.86048097190782,-0.8719477412572854,-0.944953967403177,0.0730062261458917,0.0,-0.15715536492302762,-0.3676861029876298,-1.0,0.0,21.026055219991957,18.70226034062841,34.54093222770013,0.1315159086527273,1.0,7.0,-0.06035887090563741,-0.16279067833272787,-0.37254901553387887,273,6.13,0.7,8.97,0.0,0.0
QS,2026-07-27T22:45:03.735612-04:00,0.046382454744573906,1.5097440085784406,-0.19470404753041437,0.08317211257119815,1.1087841828219283,32.15966299189846,-0.5890936209821991,-0.4857013193283818,-0.1033923016538173,0.0,-0.17573437455152197,-0.2854674782250769,-1.0,0.0,22.33190848658139,15.822282740594398,36.93582856980775,0.089845664627431,1.0,7.0,-0.0019304541266529363,-0.14545455978473754,-0.3188405833521387,282,5.18,1.4,0.0,0.0,0.0
OPEN,2026-07-27T22:45:03.735612-04:00,0.05333369684263856,0.33874735847065995,-0.13406595778974773,0.06598984433687503,0.8271343275866525,37.920800964239845,-0.19030199075331122,-0.09942276545628298,-0.09087922529702824,0.0,-0.13239746462286361,-0.13571850980300448,-1.0,0.0,17.70541288751137,17.57855878497208,23.96012766951899,0.08486458789101149,1.0,7.0,0.02337666358889945,-0.12053570525758728,-0.14347823067288257,285,3.85,0.39,2.34,0.0,0.0
BBAI,2026-07-27T22:45:03.735612-04:00,0.028090928198616815,0.9777004417400849,-0.10967739504160101,0.07246369925949435,0.9080999085386257,29.89401152856243,-0.27561224678178053,-0.2729398032776059,-0.0026724435041746153,0.0,-0.11933631205422657,-0.26462751699162756,-1.0,0.0,31.202870220776475,13.623553654254753,31.766553503530652,0.07008671847671887,1.0,7.0,-0.024734959409867696,-0.061224511310852936,-0.23333331567269733,291,2.83,1.06,0.71,0.0,0.0
TE,2026-07-27T22:45:03.735612-04:00,0.06904205918071207,1.3784246712139878,-0.393274853393491,0.15421683175381506,1.9288381278879119,26.22208742586112,-0.9397573502042951,-0.7219623612258554,-0.21779498897843963,0.0,-0.3805970028955651,-0.4925037191712188,-1.0,0.0,24.3158322592377,13.454415812561868,38.91460642364597,0.19628766932901903,1.0,7.0,-0.15306122151080503,-0.3196721048772859,-0.5326576529409521,292,4.9,0.74,15.92,0.0,0.0
BTBT,2026-07-27T22:45:03.735612-04:00,0.04419475947356438,0.8670993118285144,-0.2121212296358922,0.06923079744598673,0.91888806389727,31.81490165000433,-0.12158855876756913,-0.09686632189015469,-0.02472223687741444,0.0,-0.17695475735730093,-0.26921133563756916,-1.0,0.0,24.590340322973336,14.274618783719738,32.77570144782116,0.10849531878899751,1.0,7.0,-0.037037089364844955,-0.1772152424011436,-0.289617529054658,295,1.35,0.93,11.11,0.0,0.0
RXRX,2026-07-27T22:45:03.735612-04:00,0.037533779150091075,1.0045854249243467,-0.08682633811538676,0.06229510170194128,1.123078764333028,42.832717859269124,-0.1186529767277622,-0.07836907471135421,-0.040283902016407996,0.0,-0.08785047829833148,-0.07345526644789979,1.0,0.0,17.13069281896063,20.71624661807017,27.75788882851675,0.06819178237937781,1.0,7.0,0.01328902391354192,-0.00974025069249762,-0.17344176015711588,297,3.01,0.89,1.33,0.0,0.0
SES,2026-07-27T22:45:03.735612-04:00,0.05837798264952929,1.6718877543162531,-0.24324324553476007,0.09586471493574743,1.2518566697111437,29.176225653004153,-0.12413152659280824,-0.11702893658938823,-0.007102590003420006,0.0,-0.24991187147579652,-0.44659425989909096,-1.0,0.0,37.80197967976317,10.338948965246002,32.03874073621939,0.1347074989683696,1.0,7.0,-0.04144144434402941,-0.15421303912708473,-0.4435146216557647,298,0.56,1.38,-0.07,0.0,0.0
BYND,2026-07-27T22:45:03.735612-04:00,0.03143374700105894,0.7969384672194434,-0.12882445145729515,0.05914973149264791,1.3486302554933964,29.921704111514416,-0.043812629909038225,-0.03702481306847147,-0.006787816840566757,0.0,-0.1504396930613544,-0.2217842764813337,-1.0,0.0,22.425314671719804,12.161231086634645,30.563575962523874,0.07459485066867096,1.0,7.0,-0.012773667450010961,-0.1131147608261086,-0.23695343422799708,305,0.55,0.57,2.12,0.0,0.0
BB,2026-07-27T22:45:03.735612-04:00,0.040546572383573745,0.859853192409591,-0.2652134437412721,0.06922131137878434,1.5274051610937398,34.23396782994202,-0.3700289042298195,-0.028037609784062417,-0.34199129444575704,0.0,-0.20659048667202384,-0.13901362659540917,1.0,0.0,26.934691631035843,17.4732269233069,31.251261043363993,0.08890351202216544,1.0,7.0,-0.03919238963371885,-0.10011119482134678,-0.3517627845090273,315,8.42,0.53,2.49,0.0,0.0
MBLY,2026-07-27T22:45:03.735612-04:00,0.06364522280311471,1.0653688703074644,-0.1645193084547527,0.05931197887300362,0.7525224560108281,45.00204180446552,-0.2738898358500599,-0.14135386251480805,-0.13253597333525183,0.0,-0.07757957637435464,-0.09576519238071479,-1.0,0.0,18.79770080699497,18.76824142744741,30.28893294200351,0.07738467217574195,1.0,7.0,0.05243446495538695,-0.06229137710786958,0.015662664030542395,319,8.01,1.45,5.24,0.0,0.0
INFQ,2026-07-27T22:45:03.735612-04:00,0.0516279210062102,0.898908572804662,-0.08516740726247185,0.07217578491333186,0.766121529647946,40.11267562830948,-1.063961399917563,-1.0876152049816197,0.023653805064056677,1.0,-0.1012503201851439,-0.26511281934538045,-1.0,0.0,15.384084082184769,19.706435250891076,27.809316106186273,0.1104740886005833,1.0,7.0,-0.02049178325562906,-0.03336702853896811,-0.3082488689781193,323,9.76,1.06,0.0,0.0,0.0
IBRX,2026-07-27T22:45:03.735612-04:00,0.038900871083069694,1.1784383888794119,-0.115482272973778,0.048780442752550446,1.1297026973064965,38.4930425299268,-0.2153341792154828,-0.06146136612196908,-0.15387281309351375,0.0,-0.1342690557323879,-0.09757110426373816,1.0,0.0,14.850582201662537,15.250707156125584,26.12913409998876,0.07179755261912588,1.0,7.0,-0.002861227694048174,-0.13630730436558325,-0.2052452193407316,327,6.99,1.02,5.87,0.0,0.0
QUBT,2026-07-27T22:45:03.735612-04:00,0.04311153247257712,0.9222733832726273,-0.0721153757981291,0.07448184260259705,0.8247798909936349,40.804573550868774,-0.5494558558025204,-0.5506866975033823,0.001230841700861851,1.0,-0.07886888922737634,-0.20349967223570453,-1.0,0.0,16.525410863538763,16.9438299188754,27.52912461066719,0.08442124889742948,1.0,7.0,-0.030150784774517714,-0.060827306641668466,-0.221774220683696,328,7.96,1.06,0.0,0.0,0.0
RZLV,2026-07-27T22:45:03.735612-04:00,0.05746325401154305,0.6996458573422623,-0.07968129420064374,0.05194800369332062,0.926721993352837,41.6158510698045,-0.09778202623172216,-0.07495953386777683,-0.022822492363945332,0.0,-0.08875741130860526,-0.10036220905068538,-1.0,0.0,12.61598389538095,19.686759704831307,24.633442376637827,0.06908177968936775,1.0,7.0,0.004347822030685622,-0.03347286971263186,-0.11153845095775494,331,2.3,0.74,0.43,0.0,0.0
POET,2026-07-27T22:45:03.735612-04:00,0.06250715082208033,0.8509787656683963,-0.23269013542499395,0.07692307149707395,1.1155266687300114,35.93137707816015,-0.9984782717526599,-0.9817725481445454,-0.01670572360811451,0.0,-0.17283570784865243,-0.3796912916029209,-1.0,0.0,20.76906217053264,17.208756693356932,33.03280351902082,0.13464655042143195,1.0,7.0,-0.046544417010428774,-0.19235360557829984,-0.31370558709834584,333,7.09,0.72,7.19,0.0,0.0
WEN,2026-07-27T22:45:03.735612-04:00,0.037879750709798925,0.5375020230053168,0.03369272202553231,0.0469361316732023,0.7189865298268121,52.859342915982836,-0.004591369580458249,0.0493775259276236,-0.05396889550808185,0.0,-0.004413284481416202,0.03641315480009277,1.0,0.0,20.310011265735806,26.387181457602825,19.27979463606169,0.058840159709008445,1.0,7.0,0.049247624669271683,0.005242458879826328,-0.07142858792241935,334,7.31,0.66,4.92,0.0,0.0
PURR,2026-07-27T22:45:03.735612-04:00,0.05013828067924703,0.9973961145709589,-0.1619047717905988,0.06331166820555026,1.2424998700150782,36.367230915759336,-0.5242283734063227,-0.41080390443593423,-0.11342446897038844,0.0,-0.1548909564552623,-0.24546792534465944,-1.0,0.0,17.730913805585725,15.848740168945197,33.360215659002314,0.09988848409886064,1.0,7.0,-0.02839121464410499,-0.12994351500110857,-0.2727273136706788,349,6.34,0.79,2.68,0.0,0.0
RXT,2026-07-27T22:45:03.735612-04:00,0.10819744263202348,0.4154245600538513,-0.1806451904000479,0.08267718161451057,0.9112176414189836,38.445341162213246,-0.47992639591644526,-0.3425980917748225,-0.13732830414162278,0.0,-0.2276113843425165,-0.2815523116028381,-1.0,0.0,19.81329346971262,15.975863536417545,24.4526462523836,0.17494658837755836,1.0,7.0,-0.012953355874389949,-0.1321184376641843,-0.4205323112845275,354,3.86,0.45,4.15,0.0,0.0
ORC,2026-07-27T22:45:03.735612-04:00,0.012306529709367502,1.2652272823103505,-0.03806731404816743,0.024353096382286655,0.8969056023684809,42.923967298176194,-0.03583240149527889,0.006393921375580298,-0.04222632287085919,0.0,-0.030472927363493385,-0.015789146803821708,1.0,0.0,22.30297986741539,10.971869453086267,27.89424226958981,0.02200774694186628,1.0,7.0,0.01232671854615952,-0.02954206939861259,-0.04366808135300149,356,6.49,1.26,1.85,0.0,0.0
ALLO,2026-07-27T22:45:03.735612-04:00,0.030931065303551192,1.219797053849359,-0.10270273230909999,0.09036143323751826,1.443134696244744,32.27565456818667,-0.08493321784979169,-0.062162201439459094,-0.022771016410332592,0.0,-0.13631634240886625,-0.15906789470916138,-1.0,0.0,24.30801305526111,13.016749318704179,28.542056455241628,0.07437350168199144,1.0,7.0,-0.051428590502057725,-0.10270273230909999,-0.25225227692425,360,1.75,0.82,4.0,0.0,0.0
RITM,2026-07-27T22:45:03.735612-04:00,0.018774993812078863,2.05681393547493,0.060737467432074865,0.053169684896441013,1.8345301509756027,67.23751849594508,0.06767025836401253,0.036534364417196666,0.03113589394681586,1.0,0.062874794463321,0.07891843421022648,1.0,1.0,15.375070897753867,32.153065407544354,15.25491449812999,0.023561628678524717,1.0,7.0,0.05958832264487901,0.06885247439410414,0.06670760104109097,363,9.23,1.16,8.23,0.0,0.0
PACB,2026-07-27T22:45:03.735612-04:00,0.034565359298461586,1.3164177940142758,-0.07333334287007653,0.07194237817389376,1.1765264344627069,44.348513663840386,-0.03252683491505026,-0.01231790011853405,-0.020208934796516212,0.0,-0.07610502149108966,-0.03122387566185969,1.0,0.0,13.679550507506777,16.47418915977271,20.98616134948443,0.07269540657172006,1.0,7.0,0.022058802260453536,-0.007142850452539706,-0.19653180903471346,364,1.36,1.12,2.94,0.0,0.0
NEOG,2026-07-27T22:45:03.735612-04:00,0.02231555379449192,1.5557844189912131,-0.049638106734597454,0.052230638101542555,1.0296676887378802,42.76950539838375,0.06252732129593497,0.15153197417649486,-0.08900465288055989,0.0,-0.04459927488133353,-0.00762374696035506,1.0,0.0,13.783768985840672,17.89961352874319,22.558161042506775,0.03889680028786761,1.0,7.0,-0.016060018174949175,-0.07452172226085152,0.009890021444047381,376,9.34,1.26,2.89,0.0,0.0
ADMA,2026-07-27T22:45:03.735612-04:00,0.01997090061817002,0.7976510079438239,-0.009019157242188824,0.03412971467995547,0.9094677777312508,53.02873885353461,-0.04564847910308778,-0.008222946226554832,-0.03742553287653295,0.0,0.0018235624586595556,0.03653215220256123,1.0,0.0,13.690930595750759,22.02090739963814,20.216412342621886,0.03493635909837226,1.0,7.0,0.03655665523007179,0.02328286446012262,0.050179221270788776,378,8.48,0.77,3.66,0.0,0.0
AGNT,2026-07-27T22:45:03.735612-04:00,0.04353808693464063,1.4873997161535124,-0.06074771405057433,0.10199007158606833,0.8789379915699822,37.426295874356114,-0.25053175853303866,-0.1933535202105079,-0.05717823832253077,0.0,-0.13104566835276588,-0.1550935748374408,-1.0,0.0,26.792781852090204,12.94210409478447,27.524181430440294,0.07807539223761886,1.0,7.0,-0.04285710393165876,-0.09255075920981948,-0.27697841325573014,379,4.2,1.61,0.0,0.0,0.0
CWH,2026-07-27T22:45:03.735612-04:00,0.04310848137326823,1.519667787628656,0.016181291949422194,0.042197429559271124,1.576096529857319,46.11975585660955,-0.3209416406187078,-0.31514576823350937,-0.005795872385198408,0.0,-0.023555903876064432,-0.10064727318743538,-1.0,0.0,16.75652349617168,21.85868306533312,24.45079671195253,0.06891154970882094,1.0,7.0,0.026143844320456466,0.05369130362637864,-0.2159800211784747,380,6.12,0.93,2.61,0.0,0.0
BMBL,2026-07-27T22:45:03.735612-04:00,0.030002093995468868,0.8027217097451822,0.027303727605233474,0.04684386474141683,0.7939834680879895,51.07259291797846,-0.045407046274101415,-0.043227985783889575,-0.00217906049021184,0.0,-0.002815965527066533,0.0030658477777678605,1.0,0.0,14.743546157860935,21.147826451384947,20.956252965398736,0.055344564509893966,1.0,7.0,0.016891875564834624,0.04878052630197316,-0.05937501699663672,381,2.96,0.94,1.69,0.0,0.0
OI,2026-07-27T22:45:03.735612-04:00,0.04371657210693379,1.5489822266732627,0.07218942297285236,0.0728476619033128,2.3331364441819256,47.87443559456262,-0.05040363275893789,-0.008140048727977583,-0.042263584030960304,0.0,-0.029355012616465337,0.0050363178043384416,1.0,0.0,17.982941601974765,21.571472306564274,24.559829137894802,0.052508827315144994,1.0,7.0,-0.015217325277273042,0.020270304375678894,-0.055265873257381526,382,9.2,0.5,0.0,0.0,0.0
EOSE,2026-07-27T22:45:03.735612-04:00,0.04175404949722125,1.1556314341628071,-0.21445223414327474,0.08011869142295854,1.4476436285396361,27.46196604485388,-0.728383452811233,-0.7168839538295394,-0.011499498981693557,0.0,-0.22967028992514094,-0.4515688239349166,-1.0,0.0,31.611165596064698,11.048621936778913,32.95033778925618,0.14085536299096252,1.0,7.0,-0.06648199903351315,-0.20518866333090569,-0.44663385860063876,390,3.61,0.81,3.05,0.0,0.0
PSKY,2026-07-27T22:45:03.735612-04:00,0.024524830965044434,1.573753471229276,-0.1151316013059901,0.0272614963256948,0.8580501108261984,28.631498275390868,-0.49468643565580983,-0.3937021187125793,-0.10098431694323051,0.0,-0.12010033633410166,-0.17534779907581555,-1.0,0.0,28.0618675956865,13.297735269152986,35.70091196695908,0.046970793178145225,1.0,7.0,0.004981315464904323,-0.05392732151783364,-0.17820774484569124,391,8.03,1.92,5.73,0.0,0.0
RUN,2026-07-27T22:45:03.735612-04:00,0.027272804523815808,1.0945795244885799,-0.24647884854047153,0.06645901720842398,1.0349354633647494,25.832154405479727,-0.8543649803009483,-0.6078235081464133,-0.24654147215453504,0.0,-0.1875131706024188,-0.26224985866796746,-1.0,0.0,18.901631916851365,15.586906341945065,36.620417057734834,0.08452134958971336,1.0,7.0,-0.035070084554030156,-0.15821674233678062,-0.2856082758558237,393,9.98,1.03,4.01,0.0,0.0
TTI,2026-07-27T22:45:03.735612-04:00,0.038803330302243755,2.3037455105182145,-0.23628690709722855,0.07872924210551274,1.4161831704372883,25.76952546331367,-0.5524708496601516,-0.36172529349527965,-0.19074555616487193,0.0,-0.20822399546533288,-0.2640930460431338,-1.0,0.0,29.798946557297484,10.701974982203453,42.77915870098917,0.07105639100795033,1.0,7.0,-0.05851759203561657,-0.20439566289898958,-0.36379616007817117,396,7.69,1.23,10.92,0.0,0.0
LAR,2026-07-27T22:45:03.735612-04:00,0.03848995991598387,1.2797528976802959,-0.22406637362176418,0.06060608636294209,1.0724220874294081,26.10895953174655,-0.747672587498518,-0.6894415347340122,-0.0582310527645058,0.0,-0.1874275640400277,-0.3265629356421651,-1.0,0.0,35.15190574891204,12.310643525566595,40.0300224421301,0.07678701007552521,1.0,7.0,-0.04591836320945142,-0.10810808147259443,-0.2961103787708502,397,5.88,1.21,3.23,0.0,0.0
INO,2026-07-27T22:45:03.735612-04:00,0.03552341839404557,0.65734461836537,-0.1120689646313221,0.07766988886684739,0.5502560819462228,39.55614948610277,-0.041286794058985166,-0.025722553632835134,-0.015564240426150032,0.0,-0.08158718829760414,-0.10621315089233718,-1.0,0.0,19.24720398050596,13.899845089698196,25.253235112677462,0.06092841990445144,1.0,7.0,0.06185560928849254,-0.06363640994079744,-0.08035717231734663,398,0.97,1.16,7.76,0.0,0.0
SPRY,2026-07-27T22:45:03.735612-04:00,0.0319258839282858,0.6757060566244173,-0.2549277297219362,0.06172846150973875,0.7431727017968021,23.351380532389598,-0.7850045969358668,-0.6187558781341443,-0.16624871880172243,0.0,-0.21544208915533192,-0.3123021425667788,-1.0,0.0,30.779692351792146,13.208865520215726,33.99943463165165,0.0928524068633197,1.0,7.0,-0.01562502587007053,-0.10849057275713914,-0.3376168459875102,399,5.76,0.87,4.17,0.0,0.0
ZVRA,2026-07-27T22:45:03.735612-04:00,0.05964785211649992,0.9463641052088706,-0.25497708808481834,0.04316547749779371,0.8787082457369774,29.56488769653906,-0.6334708160321085,-0.15305760476285735,-0.4804132112692512,0.0,-0.2381027341887173,-0.20539647934852767,1.0,-1.0,28.259775573432876,10.211194359976329,35.1424882956556,0.0836935446006342,1.0,7.0,0.0020596811545607885,-0.21847392037746205,-0.30549611825289047,400,9.71,1.07,28.94,0.0,0.0
